{
  "hash": "4b51f10f",
  "configHash": "1eafe9e5",
  "lockfileHash": "8031961b",
  "browserHash": "a5c0f4f4",
  "optimized": {
    "vue": {
      "src": "../../../node_modules/vue/dist/vue.runtime.esm-bundler.js",
      "file": "vue.js",
      "fileHash": "39da42b3",
      "needsInterop": false
    },
    "vitepress > @vue/devtools-api": {
      "src": "../../../node_modules/@vue/devtools-api/dist/index.js",
      "file": "vitepress___@vue_devtools-api.js",
      "fileHash": "1c4db40d",
      "needsInterop": false
    },
    "vitepress > @vueuse/core": {
      "src": "../../../node_modules/@vueuse/core/index.mjs",
      "file": "vitepress___@vueuse_core.js",
      "fileHash": "3dae69a3",
      "needsInterop": false
    },
    "bootstrap/dist/js/bootstrap.bundle.min.js": {
      "src": "../../../node_modules/bootstrap/dist/js/bootstrap.bundle.min.js",
      "file": "bootstrap_dist_js_bootstrap__bundle__min__js.js",
      "fileHash": "68bc965c",
      "needsInterop": true
    }
  },
  "chunks": {
    "chunk-VJWGEPT5": {
      "file": "chunk-VJWGEPT5.js"
    },
    "chunk-BUSYA2B4": {
      "file": "chunk-BUSYA2B4.js"
    }
  }
}